,Date,1Y
0,2010-01-31,5.31
1,2010-02-28,5.31
2,2010-03-31,5.31
3,2010-04-30,5.31
4,2010-05-31,5.31
5,2010-06-30,5.31
6,2010-07-31,5.31
7,2010-08-31,5.31
8,2010-09-30,5.31
9,2010-10-31,5.56
10,2010-11-30,5.56
11,2010-12-31,5.81
12,2011-01-31,5.81
13,2011-02-28,6.06
14,2011-03-31,6.06
15,2011-04-30,6.31
16,2011-05-31,6.31
17,2011-06-30,6.31
18,2011-07-31,6.56
19,2011-08-31,6.56
20,2011-09-30,6.56
21,2011-10-31,6.56
22,2011-11-30,6.56
23,2011-12-31,6.56
24,2012-01-31,6.56
25,2012-02-29,6.56
26,2012-03-31,6.56
27,2012-04-30,6.56
28,2012-05-31,6.56
29,2012-06-30,6.31
30,2012-07-31,6.0
31,2012-08-31,6.0
32,2012-09-30,6.0
33,2012-10-31,6.0
34,2012-11-30,6.0
35,2012-12-31,6.0
36,2013-01-31,6.0
37,2013-02-28,6.0
38,2013-03-31,6.0
39,2013-04-30,6.0
40,2013-05-31,6.0
41,2013-06-30,6.0
42,2013-07-31,6.0
43,2013-08-31,6.0
44,2013-09-30,6.0
45,2013-10-25,5.71
46,2013-10-28,5.72
47,2013-10-29,5.72
48,2013-10-30,5.72
49,2013-10-31,5.72
50,2013-11-01,5.72
51,2013-11-04,5.72
52,2013-11-05,5.72
53,2013-11-06,5.72
54,2013-11-07,5.72
55,2013-11-08,5.72
56,2013-11-11,5.72
57,2013-11-12,5.72
58,2013-11-13,5.72
59,2013-11-14,5.72
60,2013-11-15,5.72
61,2013-11-18,5.72
62,2013-11-19,5.73
63,2013-11-20,5.73
64,2013-11-21,5.73
65,2013-11-22,5.73
66,2013-11-25,5.73
67,2013-11-26,5.73
68,2013-11-27,5.73
69,2013-11-28,5.73
70,2013-11-29,5.73
71,2013-12-02,5.73
72,2013-12-03,5.73
73,2013-12-04,5.73
74,2013-12-05,5.73
75,2013-12-06,5.73
76,2013-12-09,5.73
77,2013-12-10,5.73
78,2013-12-11,5.73
79,2013-12-12,5.73
80,2013-12-13,5.73
81,2013-12-16,5.73
82,2013-12-17,5.73
83,2013-12-18,5.73
84,2013-12-19,5.73
85,2013-12-20,5.73
86,2013-12-23,5.73
87,2013-12-24,5.73
88,2013-12-25,5.73
89,2013-12-26,5.73
90,2013-12-27,5.73
91,2013-12-30,5.73
92,2013-12-31,5.73
93,2014-01-02,5.73
94,2014-01-03,5.73
95,2014-01-06,5.73
96,2014-01-07,5.73
97,2014-01-08,5.73
98,2014-01-09,5.73
99,2014-01-10,5.73
100,2014-01-13,5.73
101,2014-01-14,5.73
102,2014-01-15,5.73
103,2014-01-16,5.73
104,2014-01-17,5.73
105,2014-01-20,5.73
106,2014-01-21,5.73
107,2014-01-22,5.73
108,2014-01-23,5.73
109,2014-01-24,5.73
110,2014-01-26,5.73
111,2014-01-27,5.73
112,2014-01-28,5.73
113,2014-01-29,5.73
114,2014-01-30,5.73
115,2014-02-07,5.73
116,2014-02-08,5.73
117,2014-02-10,5.73
118,2014-02-11,5.73
119,2014-02-12,5.73
120,2014-02-13,5.74
121,2014-02-14,5.76
122,2014-02-17,5.76
123,2014-02-18,5.76
124,2014-02-19,5.76
125,2014-02-20,5.76
126,2014-02-21,5.76
127,2014-02-24,5.76
128,2014-02-25,5.76
129,2014-02-26,5.76
130,2014-02-27,5.76
131,2014-02-28,5.76
132,2014-03-03,5.76
133,2014-03-04,5.76
134,2014-03-05,5.76
135,2014-03-06,5.76
136,2014-03-07,5.76
137,2014-03-10,5.76
138,2014-03-11,5.76
139,2014-03-12,5.76
140,2014-03-13,5.76
141,2014-03-14,5.76
142,2014-03-17,5.76
143,2014-03-18,5.76
144,2014-03-19,5.76
145,2014-03-20,5.76
146,2014-03-21,5.76
147,2014-03-24,5.76
148,2014-03-25,5.76
149,2014-03-26,5.76
150,2014-03-27,5.76
151,2014-03-28,5.76
152,2014-03-31,5.76
153,2014-04-01,5.77
154,2014-04-02,5.77
155,2014-04-03,5.77
156,2014-04-04,5.77
157,2014-04-08,5.77
158,2014-04-09,5.77
159,2014-04-10,5.77
160,2014-04-11,5.77
161,2014-04-14,5.77
162,2014-04-15,5.77
163,2014-04-16,5.77
164,2014-04-17,5.77
165,2014-04-18,5.77
166,2014-04-21,5.77
167,2014-04-22,5.77
168,2014-04-23,5.77
169,2014-04-24,5.77
170,2014-04-25,5.77
171,2014-04-28,5.77
172,2014-04-29,5.77
173,2014-04-30,5.77
174,2014-05-04,5.77
175,2014-05-05,5.77
176,2014-05-06,5.77
177,2014-05-07,5.77
178,2014-05-08,5.77
179,2014-05-09,5.77
180,2014-05-12,5.77
181,2014-05-13,5.77
182,2014-05-14,5.77
183,2014-05-15,5.77
184,2014-05-16,5.77
185,2014-05-19,5.77
186,2014-05-20,5.77
187,2014-05-21,5.77
188,2014-05-22,5.77
189,2014-05-23,5.77
190,2014-05-26,5.77
191,2014-05-27,5.77
192,2014-05-28,5.77
193,2014-05-29,5.77
194,2014-05-30,5.77
195,2014-06-03,5.77
196,2014-06-04,5.77
197,2014-06-05,5.77
198,2014-06-06,5.77
199,2014-06-09,5.77
200,2014-06-10,5.77
201,2014-06-11,5.77
202,2014-06-12,5.77
203,2014-06-13,5.77
204,2014-06-16,5.77
205,2014-06-17,5.76
206,2014-06-18,5.76
207,2014-06-19,5.76
208,2014-06-20,5.76
209,2014-06-23,5.76
210,2014-06-24,5.76
211,2014-06-25,5.76
212,2014-06-26,5.76
213,2014-06-27,5.76
214,2014-06-30,5.76
215,2014-07-01,5.76
216,2014-07-02,5.76
217,2014-07-03,5.76
218,2014-07-04,5.76
219,2014-07-07,5.76
220,2014-07-08,5.76
221,2014-07-09,5.76
222,2014-07-10,5.76
223,2014-07-11,5.76
224,2014-07-14,5.76
225,2014-07-15,5.76
226,2014-07-16,5.76
227,2014-07-17,5.76
228,2014-07-18,5.76
229,2014-07-21,5.76
230,2014-07-22,5.76
231,2014-07-23,5.76
232,2014-07-24,5.76
233,2014-07-25,5.76
234,2014-07-28,5.76
235,2014-07-29,5.76
236,2014-07-30,5.76
237,2014-07-31,5.76
238,2014-08-01,5.76
239,2014-08-04,5.76
240,2014-08-05,5.76
241,2014-08-06,5.76
242,2014-08-07,5.76
243,2014-08-08,5.76
244,2014-08-11,5.76
245,2014-08-12,5.76
246,2014-08-13,5.76
247,2014-08-14,5.76
248,2014-08-15,5.76
249,2014-08-18,5.76
250,2014-08-19,5.76
251,2014-08-20,5.76
252,2014-08-21,5.76
253,2014-08-22,5.76
254,2014-08-25,5.76
255,2014-08-26,5.76
256,2014-08-27,5.76
257,2014-08-28,5.76
258,2014-08-29,5.76
259,2014-09-01,5.76
260,2014-09-02,5.76
261,2014-09-03,5.76
262,2014-09-04,5.76
263,2014-09-05,5.76
264,2014-09-09,5.76
265,2014-09-10,5.76
266,2014-09-11,5.76
267,2014-09-12,5.76
268,2014-09-15,5.76
269,2014-09-16,5.76
270,2014-09-17,5.76
271,2014-09-18,5.76
272,2014-09-19,5.76
273,2014-09-22,5.76
274,2014-09-23,5.76
275,2014-09-24,5.76
276,2014-09-25,5.76
277,2014-09-26,5.76
278,2014-09-28,5.76
279,2014-09-29,5.76
280,2014-09-30,5.76
281,2014-10-08,5.76
282,2014-10-09,5.76
283,2014-10-10,5.76
284,2014-10-11,5.76
285,2014-10-13,5.76
286,2014-10-14,5.76
287,2014-10-15,5.76
288,2014-10-16,5.76
289,2014-10-17,5.76
290,2014-10-20,5.76
291,2014-10-21,5.76
292,2014-10-22,5.76
293,2014-10-23,5.76
294,2014-10-24,5.76
295,2014-10-27,5.76
296,2014-10-28,5.76
297,2014-10-29,5.76
298,2014-10-30,5.76
299,2014-10-31,5.76
300,2014-11-03,5.76
301,2014-11-04,5.76
302,2014-11-05,5.76
303,2014-11-06,5.76
304,2014-11-07,5.76
305,2014-11-10,5.76
306,2014-11-11,5.76
307,2014-11-12,5.76
308,2014-11-13,5.76
309,2014-11-14,5.76
310,2014-11-17,5.76
311,2014-11-18,5.76
312,2014-11-19,5.76
313,2014-11-20,5.76
314,2014-11-21,5.76
315,2014-11-24,5.56
316,2014-11-25,5.56
317,2014-11-26,5.56
318,2014-11-27,5.52
319,2014-11-28,5.51
320,2014-12-01,5.51
321,2014-12-02,5.51
322,2014-12-03,5.51
323,2014-12-04,5.51
324,2014-12-05,5.51
325,2014-12-08,5.51
326,2014-12-09,5.51
327,2014-12-10,5.51
328,2014-12-11,5.51
329,2014-12-12,5.51
330,2014-12-15,5.51
331,2014-12-16,5.51
332,2014-12-17,5.51
333,2014-12-18,5.51
334,2014-12-19,5.51
335,2014-12-22,5.51
336,2014-12-23,5.51
337,2014-12-24,5.51
338,2014-12-25,5.51
339,2014-12-26,5.51
340,2014-12-29,5.51
341,2014-12-30,5.51
342,2014-12-31,5.51
343,2015-01-04,5.51
344,2015-01-05,5.51
345,2015-01-06,5.51
346,2015-01-07,5.51
347,2015-01-08,5.51
348,2015-01-09,5.51
349,2015-01-12,5.51
350,2015-01-13,5.51
351,2015-01-14,5.51
352,2015-01-15,5.51
353,2015-01-16,5.51
354,2015-01-19,5.51
355,2015-01-20,5.51
356,2015-01-21,5.51
357,2015-01-22,5.51
358,2015-01-23,5.51
359,2015-01-26,5.51
360,2015-01-27,5.51
361,2015-01-28,5.51
362,2015-01-29,5.51
363,2015-01-30,5.51
364,2015-02-02,5.51
365,2015-02-03,5.51
366,2015-02-04,5.51
367,2015-02-05,5.51
368,2015-02-06,5.51
369,2015-02-09,5.51
370,2015-02-10,5.51
371,2015-02-11,5.51
372,2015-02-12,5.51
373,2015-02-13,5.51
374,2015-02-15,5.51
375,2015-02-16,5.51
376,2015-02-17,5.51
377,2015-02-25,5.51
378,2015-02-26,5.51
379,2015-02-27,5.51
380,2015-02-28,5.51
381,2015-03-02,5.3
382,2015-03-03,5.3
383,2015-03-04,5.3
384,2015-03-05,5.3
385,2015-03-06,5.3
386,2015-03-09,5.3
387,2015-03-10,5.3
388,2015-03-11,5.3
389,2015-03-12,5.3
390,2015-03-13,5.3
391,2015-03-16,5.3
392,2015-03-17,5.3
393,2015-03-18,5.3
394,2015-03-19,5.3
395,2015-03-20,5.3
396,2015-03-23,5.3
397,2015-03-24,5.3
398,2015-03-25,5.3
399,2015-03-26,5.3
400,2015-03-27,5.3
401,2015-03-30,5.3
402,2015-03-31,5.3
403,2015-04-01,5.3
404,2015-04-02,5.3
405,2015-04-03,5.3
406,2015-04-07,5.3
407,2015-04-08,5.3
408,2015-04-09,5.3
409,2015-04-10,5.3
410,2015-04-13,5.3
411,2015-04-14,5.3
412,2015-04-15,5.3
413,2015-04-16,5.3
414,2015-04-17,5.3
415,2015-04-20,5.3
416,2015-04-21,5.3
417,2015-04-22,5.3
418,2015-04-23,5.3
419,2015-04-24,5.3
420,2015-04-27,5.3
421,2015-04-28,5.3
422,2015-04-29,5.3
423,2015-04-30,5.3
424,2015-05-04,5.3
425,2015-05-05,5.3
426,2015-05-06,5.3
427,2015-05-07,5.3
428,2015-05-08,5.3
429,2015-05-11,5.05
430,2015-05-12,5.05
431,2015-05-13,5.05
432,2015-05-14,5.05
433,2015-05-15,5.05
434,2015-05-18,5.05
435,2015-05-19,5.05
436,2015-05-20,5.05
437,2015-05-21,5.05
438,2015-05-22,5.05
439,2015-05-25,5.05
440,2015-05-26,5.05
441,2015-05-27,5.05
442,2015-05-28,5.05
443,2015-05-29,5.05
444,2015-06-01,5.05
445,2015-06-02,5.05
446,2015-06-03,5.05
447,2015-06-04,5.05
448,2015-06-05,5.05
449,2015-06-08,5.05
450,2015-06-09,5.05
451,2015-06-10,5.05
452,2015-06-11,5.05
453,2015-06-12,5.05
454,2015-06-15,5.05
455,2015-06-16,5.05
456,2015-06-17,5.05
457,2015-06-18,5.05
458,2015-06-19,5.05
459,2015-06-23,5.05
460,2015-06-24,5.05
461,2015-06-25,5.05
462,2015-06-26,5.05
463,2015-06-29,4.8
464,2015-06-30,4.8
465,2015-07-01,4.8
466,2015-07-02,4.8
467,2015-07-03,4.8
468,2015-07-06,4.8
469,2015-07-07,4.8
470,2015-07-08,4.8
471,2015-07-09,4.8
472,2015-07-10,4.8
473,2015-07-13,4.8
474,2015-07-14,4.8
475,2015-07-15,4.8
476,2015-07-16,4.8
477,2015-07-17,4.8
478,2015-07-20,4.8
479,2015-07-21,4.8
480,2015-07-22,4.8
481,2015-07-23,4.8
482,2015-07-24,4.8
483,2015-07-27,4.8
484,2015-07-28,4.8
485,2015-07-29,4.8
486,2015-07-30,4.8
487,2015-07-31,4.8
488,2015-08-03,4.8
489,2015-08-04,4.8
490,2015-08-05,4.8
491,2015-08-06,4.8
492,2015-08-07,4.8
493,2015-08-10,4.8
494,2015-08-11,4.8
495,2015-08-12,4.8
496,2015-08-13,4.8
497,2015-08-14,4.8
498,2015-08-17,4.8
499,2015-08-18,4.8
500,2015-08-19,4.8
501,2015-08-20,4.8
502,2015-08-21,4.8
503,2015-08-24,4.8
504,2015-08-25,4.8
505,2015-08-26,4.55
506,2015-08-27,4.55
507,2015-08-28,4.55
508,2015-08-31,4.55
509,2015-09-01,4.55
510,2015-09-02,4.55
511,2015-09-06,4.55
512,2015-09-07,4.55
513,2015-09-08,4.55
514,2015-09-09,4.55
515,2015-09-10,4.55
516,2015-09-11,4.55
517,2015-09-14,4.55
518,2015-09-15,4.55
519,2015-09-16,4.55
520,2015-09-17,4.55
521,2015-09-18,4.55
522,2015-09-21,4.55
523,2015-09-22,4.55
524,2015-09-23,4.55
525,2015-09-24,4.55
526,2015-09-25,4.55
527,2015-09-28,4.55
528,2015-09-29,4.55
529,2015-09-30,4.55
530,2015-10-08,4.55
531,2015-10-09,4.55
532,2015-10-10,4.55
533,2015-10-12,4.55
534,2015-10-13,4.55
535,2015-10-14,4.55
536,2015-10-15,4.55
537,2015-10-16,4.55
538,2015-10-19,4.55
539,2015-10-20,4.55
540,2015-10-21,4.55
541,2015-10-22,4.55
542,2015-10-23,4.55
543,2015-10-26,4.3
544,2015-10-27,4.3
545,2015-10-28,4.3
546,2015-10-29,4.3
547,2015-10-30,4.3
548,2015-11-02,4.3
549,2015-11-03,4.3
550,2015-11-04,4.3
551,2015-11-05,4.3
552,2015-11-06,4.3
553,2015-11-09,4.3
554,2015-11-10,4.3
555,2015-11-11,4.3
556,2015-11-12,4.3
557,2015-11-13,4.3
558,2015-11-16,4.3
559,2015-11-17,4.3
560,2015-11-18,4.3
561,2015-11-19,4.3
562,2015-11-20,4.3
563,2015-11-23,4.3
564,2015-11-24,4.3
565,2015-11-25,4.3
566,2015-11-26,4.3
567,2015-11-27,4.3
568,2015-11-30,4.3
569,2015-12-01,4.3
570,2015-12-02,4.3
571,2015-12-03,4.3
572,2015-12-04,4.3
573,2015-12-07,4.3
574,2015-12-08,4.3
575,2015-12-09,4.3
576,2015-12-10,4.3
577,2015-12-11,4.3
578,2015-12-14,4.3
579,2015-12-15,4.3
580,2015-12-16,4.3
581,2015-12-17,4.3
582,2015-12-18,4.3
583,2015-12-21,4.3
584,2015-12-22,4.3
585,2015-12-23,4.3
586,2015-12-24,4.3
587,2015-12-25,4.3
588,2015-12-28,4.3
589,2015-12-29,4.3
590,2015-12-30,4.3
591,2015-12-31,4.3
592,2016-01-04,4.3
593,2016-01-05,4.3
594,2016-01-06,4.3
595,2016-01-07,4.3
596,2016-01-08,4.3
597,2016-01-11,4.3
598,2016-01-12,4.3
599,2016-01-13,4.3
600,2016-01-14,4.3
601,2016-01-15,4.3
602,2016-01-18,4.3
603,2016-01-19,4.3
604,2016-01-20,4.3
605,2016-01-21,4.3
606,2016-01-22,4.3
607,2016-01-25,4.3
608,2016-01-26,4.3
609,2016-01-27,4.3
610,2016-01-28,4.3
611,2016-01-29,4.3
612,2016-02-01,4.3
613,2016-02-02,4.3
614,2016-02-03,4.3
615,2016-02-04,4.3
616,2016-02-05,4.3
617,2016-02-06,4.3
618,2016-02-14,4.3
619,2016-02-15,4.3
620,2016-02-16,4.3
621,2016-02-17,4.3
622,2016-02-18,4.3
623,2016-02-19,4.3
624,2016-02-22,4.3
625,2016-02-23,4.3
626,2016-02-24,4.3
627,2016-02-25,4.3
628,2016-02-26,4.3
629,2016-02-29,4.3
630,2016-03-01,4.3
631,2016-03-02,4.3
632,2016-03-03,4.3
633,2016-03-04,4.3
634,2016-03-07,4.3
635,2016-03-08,4.3
636,2016-03-09,4.3
637,2016-03-10,4.3
638,2016-03-11,4.3
639,2016-03-14,4.3
640,2016-03-15,4.3
641,2016-03-16,4.3
642,2016-03-17,4.3
643,2016-03-18,4.3
644,2016-03-21,4.3
645,2016-03-22,4.3
646,2016-03-23,4.3
647,2016-03-24,4.3
648,2016-03-25,4.3
649,2016-03-28,4.3
650,2016-03-29,4.3
651,2016-03-30,4.3
652,2016-03-31,4.3
653,2016-04-01,4.3
654,2016-04-05,4.3
655,2016-04-06,4.3
656,2016-04-07,4.3
657,2016-04-08,4.3
658,2016-04-11,4.3
659,2016-04-12,4.3
660,2016-04-13,4.3
661,2016-04-14,4.3
662,2016-04-15,4.3
663,2016-04-18,4.3
664,2016-04-19,4.3
665,2016-04-20,4.3
666,2016-04-21,4.3
667,2016-04-22,4.3
668,2016-04-25,4.3
669,2016-04-26,4.3
670,2016-04-27,4.3
671,2016-04-28,4.3
672,2016-04-29,4.3
673,2016-05-03,4.3
674,2016-05-04,4.3
675,2016-05-05,4.3
676,2016-05-06,4.3
677,2016-05-09,4.3
678,2016-05-10,4.3
679,2016-05-11,4.3
680,2016-05-12,4.3
681,2016-05-13,4.3
682,2016-05-16,4.3
683,2016-05-17,4.3
684,2016-05-18,4.3
685,2016-05-19,4.3
686,2016-05-20,4.3
687,2016-05-23,4.3
688,2016-05-24,4.3
689,2016-05-25,4.3
690,2016-05-26,4.3
691,2016-05-27,4.3
692,2016-05-30,4.3
693,2016-05-31,4.3
694,2016-06-01,4.3
695,2016-06-02,4.3
696,2016-06-03,4.3
697,2016-06-06,4.3
698,2016-06-07,4.3
699,2016-06-08,4.3
700,2016-06-12,4.3
701,2016-06-13,4.3
702,2016-06-14,4.3
703,2016-06-15,4.3
704,2016-06-16,4.3
705,2016-06-17,4.3
706,2016-06-20,4.3
707,2016-06-21,4.3
708,2016-06-22,4.3
709,2016-06-23,4.3
710,2016-06-24,4.3
711,2016-06-27,4.3
712,2016-06-28,4.3
713,2016-06-29,4.3
714,2016-06-30,4.3
715,2016-07-01,4.3
716,2016-07-04,4.3
717,2016-07-05,4.3
718,2016-07-06,4.3
719,2016-07-07,4.3
720,2016-07-08,4.3
721,2016-07-11,4.3
722,2016-07-12,4.3
723,2016-07-13,4.3
724,2016-07-14,4.3
725,2016-07-15,4.3
726,2016-07-18,4.3
727,2016-07-19,4.3
728,2016-07-20,4.3
729,2016-07-21,4.3
730,2016-07-22,4.3
731,2016-07-25,4.3
732,2016-07-26,4.3
733,2016-07-27,4.3
734,2016-07-28,4.3
735,2016-07-29,4.3
736,2016-08-01,4.3
737,2016-08-02,4.3
738,2016-08-03,4.3
739,2016-08-04,4.3
740,2016-08-05,4.3
741,2016-08-08,4.3
742,2016-08-09,4.3
743,2016-08-10,4.3
744,2016-08-11,4.3
745,2016-08-12,4.3
746,2016-08-15,4.3
747,2016-08-16,4.3
748,2016-08-17,4.3
749,2016-08-18,4.3
750,2016-08-19,4.3
751,2016-08-22,4.3
752,2016-08-23,4.3
753,2016-08-24,4.3
754,2016-08-25,4.3
755,2016-08-26,4.3
756,2016-08-29,4.3
757,2016-08-30,4.3
758,2016-08-31,4.3
759,2016-09-01,4.3
760,2016-09-02,4.3
761,2016-09-05,4.3
762,2016-09-06,4.3
763,2016-09-07,4.3
764,2016-09-08,4.3
765,2016-09-09,4.3
766,2016-09-12,4.3
767,2016-09-13,4.3
768,2016-09-14,4.3
769,2016-09-18,4.3
770,2016-09-19,4.3
771,2016-09-20,4.3
772,2016-09-21,4.3
773,2016-09-22,4.3
774,2016-09-23,4.3
775,2016-09-26,4.3
776,2016-09-27,4.3
777,2016-09-28,4.3
778,2016-09-29,4.3
779,2016-09-30,4.3
780,2016-10-08,4.3
781,2016-10-09,4.3
782,2016-10-10,4.3
783,2016-10-11,4.3
784,2016-10-12,4.3
785,2016-10-13,4.3
786,2016-10-14,4.3
787,2016-10-17,4.3
788,2016-10-18,4.3
789,2016-10-19,4.3
790,2016-10-20,4.3
791,2016-10-21,4.3
792,2016-10-24,4.3
793,2016-10-25,4.3
794,2016-10-26,4.3
795,2016-10-27,4.3
796,2016-10-28,4.3
797,2016-10-31,4.3
798,2016-11-01,4.3
799,2016-11-02,4.3
800,2016-11-03,4.3
801,2016-11-04,4.3
802,2016-11-07,4.3
803,2016-11-08,4.3
804,2016-11-09,4.3
805,2016-11-10,4.3
806,2016-11-11,4.3
807,2016-11-14,4.3
808,2016-11-15,4.3
809,2016-11-16,4.3
810,2016-11-17,4.3
811,2016-11-18,4.3
812,2016-11-21,4.3
813,2016-11-22,4.3
814,2016-11-23,4.3
815,2016-11-24,4.3
816,2016-11-25,4.3
817,2016-11-28,4.3
818,2016-11-29,4.3
819,2016-11-30,4.3
820,2016-12-01,4.3
821,2016-12-02,4.3
822,2016-12-05,4.3
823,2016-12-06,4.3
824,2016-12-07,4.3
825,2016-12-08,4.3
826,2016-12-09,4.3
827,2016-12-12,4.3
828,2016-12-13,4.3
829,2016-12-14,4.3
830,2016-12-15,4.3
831,2016-12-16,4.3
832,2016-12-19,4.3
833,2016-12-20,4.3
834,2016-12-21,4.3
835,2016-12-22,4.3
836,2016-12-23,4.3
837,2016-12-26,4.3
838,2016-12-27,4.3
839,2016-12-28,4.3
840,2016-12-29,4.3
841,2016-12-30,4.3
842,2017-01-03,4.3
843,2017-01-04,4.3
844,2017-01-05,4.3
845,2017-01-06,4.3
846,2017-01-09,4.3
847,2017-01-10,4.3
848,2017-01-11,4.3
849,2017-01-12,4.3
850,2017-01-13,4.3
851,2017-01-16,4.3
852,2017-01-17,4.3
853,2017-01-18,4.3
854,2017-01-19,4.3
855,2017-01-20,4.3
856,2017-01-22,4.3
857,2017-01-23,4.3
858,2017-01-24,4.3
859,2017-01-25,4.3
860,2017-01-26,4.3
861,2017-02-03,4.3
862,2017-02-04,4.3
863,2017-02-06,4.3
864,2017-02-07,4.3
865,2017-02-08,4.3
866,2017-02-09,4.3
867,2017-02-10,4.3
868,2017-02-13,4.3
869,2017-02-14,4.3
870,2017-02-15,4.3
871,2017-02-16,4.3
872,2017-02-17,4.3
873,2017-02-20,4.3
874,2017-02-21,4.3
875,2017-02-22,4.3
876,2017-02-23,4.3
877,2017-02-24,4.3
878,2017-02-27,4.3
879,2017-02-28,4.3
880,2017-03-01,4.3
881,2017-03-02,4.3
882,2017-03-03,4.3
883,2017-03-06,4.3
884,2017-03-07,4.3
885,2017-03-08,4.3
886,2017-03-09,4.3
887,2017-03-10,4.3
888,2017-03-13,4.3
889,2017-03-14,4.3
890,2017-03-15,4.3
891,2017-03-16,4.3
892,2017-03-17,4.3
893,2017-03-20,4.3
894,2017-03-21,4.3
895,2017-03-22,4.3
896,2017-03-23,4.3
897,2017-03-24,4.3
898,2017-03-27,4.3
899,2017-03-28,4.3
900,2017-03-29,4.3
901,2017-03-30,4.3
902,2017-03-31,4.3
903,2017-04-01,4.3
904,2017-04-05,4.3
905,2017-04-06,4.3
906,2017-04-07,4.3
907,2017-04-10,4.3
908,2017-04-11,4.3
909,2017-04-12,4.3
910,2017-04-13,4.3
911,2017-04-14,4.3
912,2017-04-17,4.3
913,2017-04-18,4.3
914,2017-04-19,4.3
915,2017-04-20,4.3
916,2017-04-21,4.3
917,2017-04-24,4.3
918,2017-04-25,4.3
919,2017-04-26,4.3
920,2017-04-27,4.3
921,2017-04-28,4.3
922,2017-05-02,4.3
923,2017-05-03,4.3
924,2017-05-04,4.3
925,2017-05-05,4.3
926,2017-05-08,4.3
927,2017-05-09,4.3
928,2017-05-10,4.3
929,2017-05-11,4.3
930,2017-05-12,4.3
931,2017-05-15,4.3
932,2017-05-16,4.3
933,2017-05-17,4.3
934,2017-05-18,4.3
935,2017-05-19,4.3
936,2017-05-22,4.3
937,2017-05-23,4.3
938,2017-05-24,4.3
939,2017-05-25,4.3
940,2017-05-26,4.3
941,2017-05-27,4.3
942,2017-05-31,4.3
943,2017-06-01,4.3
944,2017-06-02,4.3
945,2017-06-05,4.3
946,2017-06-06,4.3
947,2017-06-07,4.3
948,2017-06-08,4.3
949,2017-06-09,4.3
950,2017-06-12,4.3
951,2017-06-13,4.3
952,2017-06-14,4.3
953,2017-06-15,4.3
954,2017-06-16,4.3
955,2017-06-19,4.3
956,2017-06-20,4.3
957,2017-06-21,4.3
958,2017-06-22,4.3
959,2017-06-23,4.3
960,2017-06-26,4.3
961,2017-06-27,4.3
962,2017-06-28,4.3
963,2017-06-29,4.3
964,2017-06-30,4.3
965,2017-07-03,4.3
966,2017-07-04,4.3
967,2017-07-05,4.3
968,2017-07-06,4.3
969,2017-07-07,4.3
970,2017-07-10,4.3
971,2017-07-11,4.3
972,2017-07-12,4.3
973,2017-07-13,4.3
974,2017-07-14,4.3
975,2017-07-17,4.3
976,2017-07-18,4.3
977,2017-07-19,4.3
978,2017-07-20,4.3
979,2017-07-21,4.3
980,2017-07-24,4.3
981,2017-07-25,4.3
982,2017-07-26,4.3
983,2017-07-27,4.3
984,2017-07-28,4.3
985,2017-07-31,4.3
986,2017-08-01,4.3
987,2017-08-02,4.3
988,2017-08-03,4.3
989,2017-08-04,4.3
990,2017-08-07,4.3
991,2017-08-08,4.3
992,2017-08-09,4.3
993,2017-08-10,4.3
994,2017-08-11,4.3
995,2017-08-14,4.3
996,2017-08-15,4.3
997,2017-08-16,4.3
998,2017-08-17,4.3
999,2017-08-18,4.3
1000,2017-08-21,4.3
1001,2017-08-22,4.3
1002,2017-08-23,4.3
1003,2017-08-24,4.3
1004,2017-08-25,4.3
1005,2017-08-28,4.3
1006,2017-08-29,4.3
1007,2017-08-30,4.3
1008,2017-08-31,4.3
1009,2017-09-01,4.3
1010,2017-09-04,4.3
1011,2017-09-05,4.3
1012,2017-09-06,4.3
1013,2017-09-07,4.3
1014,2017-09-08,4.3
1015,2017-09-11,4.3
1016,2017-09-12,4.3
1017,2017-09-13,4.3
1018,2017-09-14,4.3
1019,2017-09-15,4.3
1020,2017-09-18,4.3
1021,2017-09-19,4.3
1022,2017-09-20,4.3
1023,2017-09-21,4.3
1024,2017-09-22,4.3
1025,2017-09-25,4.3
1026,2017-09-26,4.3
1027,2017-09-27,4.3
1028,2017-09-28,4.3
1029,2017-09-29,4.3
1030,2017-09-30,4.3
1031,2017-10-09,4.3
1032,2017-10-10,4.3
1033,2017-10-11,4.3
1034,2017-10-12,4.3
1035,2017-10-13,4.3
1036,2017-10-16,4.3
1037,2017-10-17,4.3
1038,2017-10-18,4.3
1039,2017-10-19,4.3
1040,2017-10-20,4.3
1041,2017-10-23,4.3
1042,2017-10-24,4.3
1043,2017-10-25,4.3
1044,2017-10-26,4.3
1045,2017-10-27,4.3
1046,2017-10-30,4.3
1047,2017-10-31,4.3
1048,2017-11-01,4.3
1049,2017-11-02,4.3
1050,2017-11-03,4.3
1051,2017-11-06,4.3
1052,2017-11-07,4.3
1053,2017-11-08,4.3
1054,2017-11-09,4.3
1055,2017-11-10,4.3
1056,2017-11-13,4.3
1057,2017-11-14,4.3
1058,2017-11-15,4.3
1059,2017-11-16,4.3
1060,2017-11-17,4.3
1061,2017-11-20,4.3
1062,2017-11-21,4.3
1063,2017-11-22,4.3
1064,2017-11-23,4.3
1065,2017-11-24,4.3
1066,2017-11-27,4.3
1067,2017-11-28,4.3
1068,2017-11-29,4.3
1069,2017-11-30,4.3
1070,2017-12-01,4.3
1071,2017-12-04,4.3
1072,2017-12-05,4.3
1073,2017-12-06,4.3
1074,2017-12-07,4.3
1075,2017-12-08,4.3
1076,2017-12-11,4.3
1077,2017-12-12,4.3
1078,2017-12-13,4.3
1079,2017-12-14,4.3
1080,2017-12-15,4.3
1081,2017-12-18,4.3
1082,2017-12-19,4.3
1083,2017-12-20,4.3
1084,2017-12-21,4.3
1085,2017-12-22,4.3
1086,2017-12-25,4.3
1087,2017-12-26,4.3
1088,2017-12-27,4.3
1089,2017-12-28,4.3
1090,2017-12-29,4.3
1091,2018-01-02,4.3
1092,2018-01-03,4.3
1093,2018-01-04,4.3
1094,2018-01-05,4.3
1095,2018-01-08,4.3
1096,2018-01-09,4.3
1097,2018-01-10,4.3
1098,2018-01-11,4.3
1099,2018-01-12,4.3
1100,2018-01-15,4.3
1101,2018-01-16,4.3
1102,2018-01-17,4.3
1103,2018-01-18,4.3
1104,2018-01-19,4.3
1105,2018-01-22,4.3
1106,2018-01-23,4.3
1107,2018-01-24,4.3
1108,2018-01-25,4.3
1109,2018-01-26,4.3
1110,2018-01-29,4.3
1111,2018-01-30,4.3
1112,2018-01-31,4.3
1113,2018-02-01,4.3
1114,2018-02-02,4.3
1115,2018-02-05,4.3
1116,2018-02-06,4.3
1117,2018-02-07,4.3
1118,2018-02-08,4.3
1119,2018-02-09,4.3
1120,2018-02-11,4.3
1121,2018-02-12,4.3
1122,2018-02-13,4.3
1123,2018-02-14,4.3
1124,2018-02-22,4.3
1125,2018-02-23,4.3
1126,2018-02-24,4.3
1127,2018-02-26,4.3
1128,2018-02-27,4.3
1129,2018-02-28,4.3
1130,2018-03-01,4.3
1131,2018-03-02,4.3
1132,2018-03-05,4.3
1133,2018-03-06,4.3
1134,2018-03-07,4.3
1135,2018-03-08,4.3
1136,2018-03-09,4.3
1137,2018-03-12,4.3
1138,2018-03-13,4.3
1139,2018-03-14,4.3
1140,2018-03-15,4.3
1141,2018-03-16,4.3
1142,2018-03-19,4.3
1143,2018-03-20,4.3
1144,2018-03-21,4.3
1145,2018-03-22,4.3
1146,2018-03-23,4.3
1147,2018-03-26,4.3
1148,2018-03-27,4.3
1149,2018-03-28,4.3
1150,2018-03-29,4.3
1151,2018-03-30,4.3
1152,2018-04-02,4.3
1153,2018-04-03,4.3
1154,2018-04-04,4.3
1155,2018-04-08,4.31
1156,2018-04-09,4.31
1157,2018-04-10,4.31
1158,2018-04-11,4.31
1159,2018-04-12,4.31
1160,2018-04-13,4.31
1161,2018-04-16,4.31
1162,2018-04-17,4.31
1163,2018-04-18,4.31
1164,2018-04-19,4.31
1165,2018-04-20,4.31
1166,2018-04-23,4.31
1167,2018-04-24,4.31
1168,2018-04-25,4.31
1169,2018-04-26,4.31
1170,2018-04-27,4.31
1171,2018-04-28,4.31
1172,2018-05-02,4.31
1173,2018-05-03,4.31
1174,2018-05-04,4.31
1175,2018-05-07,4.31
1176,2018-05-08,4.31
1177,2018-05-09,4.31
1178,2018-05-10,4.31
1179,2018-05-11,4.31
1180,2018-05-14,4.31
1181,2018-05-15,4.31
1182,2018-05-16,4.31
1183,2018-05-17,4.31
1184,2018-05-18,4.31
1185,2018-05-21,4.31
1186,2018-05-22,4.31
1187,2018-05-23,4.31
1188,2018-05-24,4.31
1189,2018-05-25,4.31
1190,2018-05-28,4.31
1191,2018-05-29,4.31
1192,2018-05-30,4.31
1193,2018-05-31,4.31
1194,2018-06-01,4.31
1195,2018-06-04,4.31
1196,2018-06-05,4.31
1197,2018-06-06,4.31
1198,2018-06-07,4.31
1199,2018-06-08,4.31
1200,2018-06-11,4.31
1201,2018-06-12,4.31
1202,2018-06-13,4.31
1203,2018-06-14,4.31
1204,2018-06-15,4.31
1205,2018-06-19,4.31
1206,2018-06-20,4.31
1207,2018-06-21,4.31
1208,2018-06-22,4.31
1209,2018-06-25,4.31
1210,2018-06-26,4.31
1211,2018-06-27,4.31
1212,2018-06-28,4.31
1213,2018-06-29,4.31
1214,2018-07-02,4.31
1215,2018-07-03,4.31
1216,2018-07-04,4.31
1217,2018-07-05,4.31
1218,2018-07-06,4.31
1219,2018-07-09,4.31
1220,2018-07-10,4.31
1221,2018-07-11,4.31
1222,2018-07-12,4.31
1223,2018-07-13,4.31
1224,2018-07-16,4.31
1225,2018-07-17,4.31
1226,2018-07-18,4.31
1227,2018-07-19,4.31
1228,2018-07-20,4.31
1229,2018-07-23,4.31
1230,2018-07-24,4.31
1231,2018-07-25,4.31
1232,2018-07-26,4.31
1233,2018-07-27,4.31
1234,2018-07-30,4.31
1235,2018-07-31,4.31
1236,2018-08-01,4.31
1237,2018-08-02,4.31
1238,2018-08-03,4.31
1239,2018-08-06,4.31
1240,2018-08-07,4.31
1241,2018-08-08,4.31
1242,2018-08-09,4.31
1243,2018-08-10,4.31
1244,2018-08-13,4.31
1245,2018-08-14,4.31
1246,2018-08-15,4.31
1247,2018-08-16,4.31
1248,2018-08-17,4.31
1249,2018-08-20,4.31
1250,2018-08-21,4.31
1251,2018-08-22,4.31
1252,2018-08-23,4.31
1253,2018-08-24,4.31
1254,2018-08-27,4.31
1255,2018-08-28,4.31
1256,2018-08-29,4.31
1257,2018-08-30,4.31
1258,2018-08-31,4.31
1259,2018-09-03,4.31
1260,2018-09-04,4.31
1261,2018-09-05,4.31
1262,2018-09-06,4.31
1263,2018-09-07,4.31
1264,2018-09-10,4.31
1265,2018-09-11,4.31
1266,2018-09-12,4.31
1267,2018-09-13,4.31
1268,2018-09-14,4.31
1269,2018-09-17,4.31
1270,2018-09-18,4.31
1271,2018-09-19,4.31
1272,2018-09-20,4.31
1273,2018-09-21,4.31
1274,2018-09-25,4.31
1275,2018-09-26,4.31
1276,2018-09-27,4.31
1277,2018-09-28,4.31
1278,2018-09-29,4.31
1279,2018-09-30,4.31
1280,2018-10-08,4.31
1281,2018-10-09,4.31
1282,2018-10-10,4.31
1283,2018-10-11,4.31
1284,2018-10-12,4.31
1285,2018-10-15,4.31
1286,2018-10-16,4.31
1287,2018-10-17,4.31
1288,2018-10-18,4.31
1289,2018-10-19,4.31
1290,2018-10-22,4.31
1291,2018-10-23,4.31
1292,2018-10-24,4.31
1293,2018-10-25,4.31
1294,2018-10-26,4.31
1295,2018-10-29,4.31
1296,2018-10-30,4.31
1297,2018-10-31,4.31
1298,2018-11-01,4.31
1299,2018-11-02,4.31
1300,2018-11-05,4.31
1301,2018-11-06,4.31
1302,2018-11-07,4.31
1303,2018-11-08,4.31
1304,2018-11-09,4.31
1305,2018-11-12,4.31
1306,2018-11-13,4.31
1307,2018-11-14,4.31
1308,2018-11-15,4.31
1309,2018-11-16,4.31
1310,2018-11-19,4.31
1311,2018-11-20,4.31
1312,2018-11-21,4.31
1313,2018-11-22,4.31
1314,2018-11-23,4.31
1315,2018-11-26,4.31
1316,2018-11-27,4.31
1317,2018-11-28,4.31
1318,2018-11-29,4.31
1319,2018-11-30,4.31
1320,2018-12-03,4.31
1321,2018-12-04,4.31
1322,2018-12-05,4.31
1323,2018-12-06,4.31
1324,2018-12-07,4.31
1325,2018-12-10,4.31
1326,2018-12-11,4.31
1327,2018-12-12,4.31
1328,2018-12-13,4.31
1329,2018-12-14,4.31
1330,2018-12-17,4.31
1331,2018-12-18,4.31
1332,2018-12-19,4.31
1333,2018-12-20,4.31
1334,2018-12-21,4.31
1335,2018-12-24,4.31
1336,2018-12-25,4.31
1337,2018-12-26,4.31
1338,2018-12-27,4.31
1339,2018-12-28,4.31
1340,2018-12-29,4.31
1341,2019-01-02,4.31
1342,2019-01-03,4.31
1343,2019-01-04,4.31
1344,2019-01-07,4.31
1345,2019-01-08,4.31
1346,2019-01-09,4.31
1347,2019-01-10,4.31
1348,2019-01-11,4.31
1349,2019-01-14,4.31
1350,2019-01-15,4.31
1351,2019-01-16,4.31
1352,2019-01-17,4.31
1353,2019-01-18,4.31
1354,2019-01-21,4.31
1355,2019-01-22,4.31
1356,2019-01-23,4.31
1357,2019-01-24,4.31
1358,2019-01-25,4.31
1359,2019-01-28,4.31
1360,2019-01-29,4.31
1361,2019-01-30,4.31
1362,2019-01-31,4.31
1363,2019-02-01,4.31
1364,2019-02-02,4.31
1365,2019-02-03,4.31
1366,2019-02-11,4.31
1367,2019-02-12,4.31
1368,2019-02-13,4.31
1369,2019-02-14,4.31
1370,2019-02-15,4.31
1371,2019-02-18,4.31
1372,2019-02-19,4.31
1373,2019-02-20,4.31
1374,2019-02-21,4.31
1375,2019-02-22,4.31
1376,2019-02-25,4.31
1377,2019-02-26,4.31
1378,2019-02-27,4.31
1379,2019-02-28,4.31
1380,2019-03-01,4.31
1381,2019-03-04,4.31
1382,2019-03-05,4.31
1383,2019-03-06,4.31
1384,2019-03-07,4.31
1385,2019-03-08,4.31
1386,2019-03-11,4.31
1387,2019-03-12,4.31
1388,2019-03-13,4.31
1389,2019-03-14,4.31
1390,2019-03-15,4.31
1391,2019-03-18,4.31
1392,2019-03-19,4.31
1393,2019-03-20,4.31
1394,2019-03-21,4.31
1395,2019-03-22,4.31
1396,2019-03-25,4.31
1397,2019-03-26,4.31
1398,2019-03-27,4.31
1399,2019-03-28,4.31
1400,2019-03-29,4.31
1401,2019-04-01,4.31
1402,2019-04-02,4.31
1403,2019-04-03,4.31
1404,2019-04-04,4.31
1405,2019-04-08,4.31
1406,2019-04-09,4.31
1407,2019-04-10,4.31
1408,2019-04-11,4.31
1409,2019-04-12,4.31
1410,2019-04-15,4.31
1411,2019-04-16,4.31
1412,2019-04-17,4.31
1413,2019-04-18,4.31
1414,2019-04-19,4.31
1415,2019-04-22,4.31
1416,2019-04-23,4.31
1417,2019-04-24,4.31
1418,2019-04-25,4.31
1419,2019-04-26,4.31
1420,2019-04-28,4.31
1421,2019-04-29,4.31
1422,2019-04-30,4.31
1423,2019-05-05,4.31
1424,2019-05-06,4.31
1425,2019-05-07,4.31
1426,2019-05-08,4.31
1427,2019-05-09,4.31
1428,2019-05-10,4.31
1429,2019-05-13,4.31
1430,2019-05-14,4.31
1431,2019-05-15,4.31
1432,2019-05-16,4.31
1433,2019-05-17,4.31
1434,2019-05-20,4.31
1435,2019-05-21,4.31
1436,2019-05-22,4.31
1437,2019-05-23,4.31
1438,2019-05-24,4.31
1439,2019-05-27,4.31
1440,2019-05-28,4.31
1441,2019-05-29,4.31
1442,2019-05-30,4.31
1443,2019-05-31,4.31
1444,2019-06-03,4.31
1445,2019-06-04,4.31
1446,2019-06-05,4.31
1447,2019-06-06,4.31
1448,2019-06-10,4.31
1449,2019-06-11,4.31
1450,2019-06-12,4.31
1451,2019-06-13,4.31
1452,2019-06-14,4.31
1453,2019-06-17,4.31
1454,2019-06-18,4.31
1455,2019-06-19,4.31
1456,2019-06-20,4.31
1457,2019-06-21,4.31
1458,2019-06-24,4.31
1459,2019-06-25,4.31
1460,2019-06-26,4.31
1461,2019-06-27,4.31
1462,2019-06-28,4.31
1463,2019-07-01,4.31
1464,2019-07-02,4.31
1465,2019-07-03,4.31
1466,2019-07-04,4.31
1467,2019-07-05,4.31
1468,2019-07-08,4.31
1469,2019-07-09,4.31
1470,2019-07-10,4.31
1471,2019-07-11,4.31
1472,2019-07-12,4.31
1473,2019-07-15,4.31
1474,2019-07-16,4.31
1475,2019-07-17,4.31
1476,2019-07-18,4.31
1477,2019-07-19,4.31
1478,2019-07-22,4.31
1479,2019-07-23,4.31
1480,2019-07-24,4.31
1481,2019-07-25,4.31
1482,2019-07-26,4.31
1483,2019-07-29,4.31
1484,2019-07-30,4.31
1485,2019-07-31,4.31
1486,2019-08-01,4.31
1487,2019-08-02,4.31
1488,2019-08-05,4.31
1489,2019-08-06,4.31
1490,2019-08-07,4.31
1491,2019-08-08,4.31
1492,2019-08-09,4.31
1493,2019-08-12,4.31
1494,2019-08-13,4.31
1495,2019-08-14,4.31
1496,2019-08-15,4.31
1497,2019-08-16,4.31
1498,2019-08-20,4.25
1499,2019-09-20,4.2
1500,2019-10-21,4.2
1501,2019-11-20,4.15
1502,2019-12-20,4.15
1503,2020-01-20,4.15
1504,2020-02-20,4.05
1505,2020-03-20,4.05
1506,2020-04-20,3.85
1507,2020-05-20,3.85
1508,2020-06-22,3.85
1509,2020-07-20,3.85
1510,2020-08-20,3.85
1511,2020-09-21,3.85
1512,2020-10-20,3.85
1513,2020-11-20,3.85
1514,2020-12-21,3.85
